{
    "type": "array",
    "items": {
        "type": "object",
        "properties": {
            "tool_name": { "type": "string" },
            "arguments": {
                "type": "array",
                "items": {
                    "type": "object",
                    "properties": {
                        "argument_name": { "type": "string" },
                        "argument_value": { "type": "string" }
                    },
                    "required": ["argument_name", "argument_value"]
                }
            }
        },
        "required": ["tool_name", "arguments"]
    }
}