[
    {
        "tool_name":"works_list",
        "tool_description":"Returns a list of work items matching the request",
        "arguments":[
            {
                "name":"applies_to_part",
                "description":"Filters for work belonging to any of the provided parts",
                "type":"array of strings",
                "example":["FEAT-123",
                "ENH-123",
                "PROD-123",
                "CAPL-123"]
            },
            {
                "name":"created_by",
                "description":"Filters for work created by any of these users",
                "type":"array of strings",
                "example":["DEVU-123"]
            },
            {
                "name":"issue.priority",
                "description":"Filters for issues with any of the provided priorities. Allowed values: p0, p1, p2, p3",
                "type":"array of strings",
                "example":""
            },
            {
                "name":"issue.rev_orgs",
                "description":"Filters for issues with any of the provided Rev organizations",
                "type":"array of strings",
                "example":["REV-123"]
            },
            {
                "name":"imit",
                "description":"The maximum number of works to return. The default is '50'",
                "type":"Integer (int32)",
                "example":""
            },
            {
                "name":"owned_by",
                "description":"Filters for work owned by any of these users",
                "type":"array of strings",
                "example":["DEVU-123"]
            },
            {
                "name":"stage.name",
                "description":"Filters for records in the provided stage(s) by name",
                "type":"array of strings",
                "example":""
            },
            {
                "name":"ticket.needs_response",
                "description":"Filters for tickets that need a response",
                "type":"boolean",
                "example":""
            },
            {
                "name":"ticket.rev_org",
                "description":"Filters for tickets associated with any of the provided Rev organizations",
                "type":"array of strings",
                "example":["REV-123"]
            },
            {
                "name":"ticket.severity",
                "description":"Filters for tickets with any of the provided severities. Allowed values: blocker, high, low, medium",
                "type":"array of strings",
                "example":""
            },
            {
                "name":"ticket.source_channel",
                "description":"Filters for tickets with any of the provided source channels",
                "type":"array of strings",
                "example":""
            },
            {
                "name":"type",
                "description":"Filters for work of the provided types. Allowed values: issue, ticket, task",
                "type":"array of strings",
                "example":""
            }
        ]
    },
    {
        "tool_name":"summarize_objects",
        "tool_description":"Summarizes a list of objects. The logic of how to summarize a particular object type is an internal implementation detail.",
        "arguments":[
            {
                "name":"objects",
                "description":"List of objects to summarize",
                "type":"array of objects",
                "example":""
            }
        ]
    },
    {
        "tool_name":"prioritize_objects",
        "tool_description":"Returns a list of objects sorted by priority. The logic of what constitutes priority for a given object is an internal implementation detail",
        "arguments":[
            {
                "name":"objects",
                "description":"A list of objects to be prioritized",
                "type":"array of objects",
                "example":""
            }
        ]
    },
    {
        "tool_name":"add_work_items_to_sprint",
        "tool_description":"Adds the given work items to the sprint",
        "arguments":[
            {
                "name":"work_ids",
                "description":"A list of work item IDs to be added to the sprint",
                "type":"array of strings",
                "example":""
            },
            {
                "name":"sprint_id",
                "description":"The ID of the sprint to which the work items should be added",
                "type":"str",
                "example":""
            }
        ]
    },
    {
        "tool_name":"get_sprint_id",
        "tool_description":"Returns the ID of the current sprint",
        "arguments":[
            
        ]
    },
    {
        "tool_name":"get_similar_work_items",
        "tool_description":"Returns a list of work items that are similar to the given work item",
        "arguments":[
            {
                "name":"work_id",
                "description":"The ID of the work item for which you want to find similar items",
                "type":"string",
                "example":""
            }
        ]
    },
    {
        "tool_name":"search_object_by_name",
        "tool_description":"Given a search string, returns the id of a matching object in the system of record. If multiple matches are found, it returns the one where the confidence is highest.",
        "arguments":[
            {
                "name":"query",
                "description":"The search string, could be for example customer's name, part name, user name.",
                "type":"string",
                "example":""
            }
        ]
    },
    {
        "tool_name":"create_actionable_tasks_from_text",
        "tool_description":"Given a text, extracts actionable insights, and creates tasks for them, which are kind of a work item.",
        "arguments":[
            {
                "name":"text",
                "description":"The text from which the actionable insights need to be created.",
                "type":"string",
                "example":""
            }
        ]
    },
    {
        "tool_name":"who_am_i",
        "tool_description":"Returns the ID of the current user",
        "arguments":[
            
        ]
    }
]